,STATUS,MONNAIE,ESCALE,ACT DTE ARR,PROV,N° VOL ARRIV,STA,ATA,PAX ARRIV,CARGO ARRIV,ACT DTE DEP,DEST,N° VOL DEP,STD,ATD,PAX     DEP,CARGO DEP,Cie A FACTURER,N° FICHE TOUCHEE,NATURE TOUCHEE,TYPE AVION,MTOW (Tn),MATRICULE  AVION ,PARKING,MODE PAIEMENT,UM,WCH,MEDICAL LIFT,GPU (MN),ASU,ACU,TOILET SERVICE,WATER SERVICE,PUSH BACK ,TOWING,CHARIOT BAG,STEP AUTO,STEP TRACT,TRACTEUR,NET CAB,HEADSET,NAVETTE PISTE,MANUT/TNAO,TAPIS BAG,HUM,F/C,DEPORTEES,TARIF DE BASE,MAJORATION,REDUCTION,DCS,EXTRA SERVICE,MONTANT GLOBALE,DZD,Unnamed: 54
0,DEPARTED,USD,TMR,2021-01-17,NIM,UZA5650,12:30:00,10:00:00,0,0,2021-01-17 00:00:00,TUN,UZA5650,13:30:00,11:00:00,0,0,DELTA JET,15761,TECH,AN26,24,UZA5650,,VIREMENT,,,,,,,,,,,,,,,,,,,,,,,500.0,0.0,0.0,0.0,0.0,500.0,500.0,
1,DEPARTED,USD,GHA,2021-01-03,,ADB533F,00:10:00,23:35:00,0,0,2021-01-04 00:00:00,,ADB533F,02:00:00,02:10:00,0,0,ALPHA JET,20722,TECH,AN124,400,UR82072,,VIREMENT,,,,,,,,,,,,,,,,,,,,,,,2200.0,1100.0,0.0,0.0,200.0,3500.0,3500.0,
2,DEPARTED,USD,ALG,2021-01-05,NKC,MAI004,11:00:00,10:35:00,10,0,2021-01-05 00:00:00,NKC,MAI005,16:00:00,11:28:00,0,0,ALPHA JET,31622,PAX,ERJ175,41,5TCLL,G-SALON,VIREMENT,,,,,,,,,,,,,,,,,,,,,,,1400.0,0.0,350.0,0.0,0.0,1050.0,1050.0,
3,DEPARTED,USD,ALG,2021-01-07,NKC,MAI004,14:00:00,14:55:00,1,0,2021-01-07 00:00:00,NKC,MAI005,15:00:00,15:45:00,10,0,ALPHA JET,31631,VIP,ERJ175,41,5TCLL,G-SALON,VIREMENT,,,,,,,,,,,,,,,,,,,,,,,1400.0,0.0,0.0,0.0,0.0,1400.0,1400.0,
4,DEPARTED,USD,GHA,2021-01-09,DRN,ADB538F,06:30:00,06:10:00,0,0,2021-01-09 00:00:00,LFM,ADB538F,08:20:00,07:45:00,0,0,ALPHA JET,44502,TECH,AN124,400,UR82072,,VIREMENT,,,,,,,1.0,,,,,,,,,,,1,,,,,2200.0,550.0,0.0,0.0,430.0,3180.0,3180.0,
5,DEPARTED,USD,HME,2021-01-07,STN,ZT8151,12:00:00,11:35:00,26,0,2021-01-07 00:00:00,STN,ZT8152,15:00:00,12:47:00,13,,ALPHA JET,1772,PAX,A318,58,GEUNB,,VIREMENT,,,,,,,,,,,,,,,,,,,,,,,2300.0,0.0,0.0,0.0,0.0,2300.0,2300.0,
6,DEPARTED,USD,GHA,2021-01-12,NIM,ADB556F,23:59:00,23:35:00,0,0,2021-01-13 00:00:00,LEJ,ADB556F,02:00:00,01:50:00,,,ALPHA JET,44508,PAX,AN124,392,UR82072,,VIREMENT,,,,,,,,,,,,,,,,,,1,,,,,2200.0,1100.0,0.0,0.0,400.0,3700.0,3700.0,
7,DEPARTED,USD,GHA,2021-01-15,KBG,ADB3673,11:30:00,11:49:00,0,555,2021-01-15 00:00:00,EDD,ADB373F,15:30:00,17:10:00,0,0,ALPHA JET,44509,TECH,AN124,392,UR82027,,VIREMENT,,,,287.0,,,1.0,1.0,,,,,,,,,,1,,,,,2200.0,550.0,0.0,0.0,2000.0,4750.0,4750.0,
8,DEPARTED,USD,GHA,2021-01-15,LFB,,12:30:00,17:25:00,0,0,2021-01-15 00:00:00,DFF,,13:15:00,18:36:00,0,0,ALPHA JET,44510,TECH,B734,62,P4EBO,,VIREMENT,,,,,,,,,,,,,,1.0,,,,1,,,,,1200.0,660.0,0.0,0.0,400.0,2260.0,2260.0,
9,DEPARTED,USD,AZR,2021-01-20,GAG,AZQ4116,19:30:00,19:30:00,0,0,2021-01-20 00:00:00,EDD,AZQ4116,22:00:00,21:15:00,0,0,ALPHA JET,30112,TECH,IL74,190,UKAZ101,,VIREMENT,,,,80.0,,,,,,,,,,,,,,,,,,,1700.0,425.0,0.0,0.0,400.0,2525.0,2525.0,
10,DEPARTED,USD,TMR,2021-01-20,OUA,RDA5018,21:10:00,21:30:00,0,0,2021-01-21 00:00:00,BEG,RDA5018,08:00:00,10:00:00,0,0,ALPHA JET,15762,TECH,IL62,170,EW505TR,,VIREMENT,,,,60.0,,,,,,,,,,1.0,,,,,,,,,1700.0,850.0,0.0,0.0,600.0,3150.0,3150.0,
11,DEPARTED,USD,GHA,2021-01-21,GAG,AZQ4116,18:30:00,20:15:00,0,0,2021-01-21 00:00:00,EDD,AZQ4116,20:30:00,22:00:00,0,0,ALPHA JET,30114,TECH,IL76,190,UKAZ101,,VIREMENT,,,,70.0,,,,,,,,,,,,,,,,,,,1700.0,680.0,0.0,0.0,400.0,2780.0,2780.0,
12,DEPARTED,USD,TMR,2021-01-21,STN,ZT8151,18:05:00,19:05:00,32,,2021-01-21 00:00:00,STN,ZT8152,19:05:00,20:20:00,9,0,ALPHA JET,1774,PAX,A320,64,GPOWN,,VIREMENT,,,,,,,,,,,,,,,,,,,,,,,2300.0,0.0,0.0,0.0,0.0,2300.0,2300.0,
13,DEPARTED,USD,TMR,2021-01-15,FGB,HYP027,15:50:00,15:30:00,0,0,2021-01-15 00:00:00,LEV,HYP027,16:30:00,16:00:00,0,0,JETEX,15760,TECH,H25B,12,9HWCF,,VIREMENT,,,,,,,,,,,,,,,,,,,,,,,500.0,125.0,0.0,0.0,0.0,625.0,625.0,
14,DEPARTED,USD,ORN,2021-01-21,VGO,SAH48P,17:10:00,17:10:00,5,0,2021-01-21 00:00:00,AGP,SAH48P,18:00:00,18:30:00,0,0,HADID,36769,PAX,HAWKER4,8,SPATT,,VIREMENT,,,,,,,,,,,,,,,,,,,,,,,500.0,0.0,125.0,0.0,0.0,375.0,375.0,
15,DEPARTED,USD,BJA,2021-01-30,LYN,IFA6035,14:25:00,14:35:00,13,200,2021-01-31 00:00:00,LYN,IFA6035,19:00:00,20:13:00,13,187,HADID,26290,PAX,CRJ850,24,D-AFAN,,VIREMENT,,,,,,,1.0,1.0,,,,,,,,,,,,,,,900.0,450.0,0.0,0.0,220.0,1570.0,1570.0,
16,DEPARTED,USD,GHA,2021-01-11,DRR,ADB554F,23:32:00,23:25:00,0,0,2021-01-12 00:00:00,EDD,ADB5547,02:00:00,01:25:00,0,0,SUCCEESS,44507,TECH,AN124,400,UR82073,,VIREMENT,,,,,,,,,,,,,,,,,,1,,,,,2200.0,1100.0,0.0,0.0,200.0,3500.0,3500.0,
17,DEPARTED,USD,ALG,2021-01-21,IST,MNB440,13:20:00,13:35:00,0,27210,2021-01-21 00:00:00,IST,MNB441,14:50:00,14:54:00,0,0,MNG,28255,CARGO,A300 CGO,170500,TCMCD,S8,CONTRAT,,,,,,,,,,,,,,,,,,,,,,,2804.0,0.0,701.0,0.0,0.0,2103.0,2103.0,
18,DEPARTED,USD,ALG,2021-01-02,LYS,5O925,10:30:00,10:20:00,0,0,2021-01-02 00:00:00,LYS,5O926,11:40:00,12:05:00,87,0,ASL,31619,PAX,B733,63000,FGIXT,W15,CONTRAT,,,,,,,,,,,,,,,,,,,,,,,840.0,0.0,0.0,43.5,0.0,883.5,883.5,
19,DEPARTED,USD,ALG,2021-01-02,CDG,5O951,11:10:00,11:30:00,0,1617,2021-01-02 00:00:00,CDG,5O952,12:30:00,12:40:00,98,0,ASL,31620,PAX,B737,69853,FGZTO,W14,CONTRAT,,,,,,,,,,,,,,,,,,,,,,,840.0,0.0,0.0,49.0,0.0,889.0,889.0,
20,DEPARTED,USD,ALG,2021-01-07,LYS,5O925,10:30:00,10:25:00,0,0,2021-01-07 00:00:00,LYS,5O926,11:40:00,12:30:00,145,0,ASL,31630,PAX,B733,63000,FGIXT,W16,CONTRAT,,,,,,,,,,,,,,,,,,,,,,,840.0,0.0,0.0,72.5,0.0,912.5,912.5,
21,DEPARTED,USD,ALG,2021-01-07,CDG,5O951,10:20:00,10:35:00,0,0,2021-01-07 00:00:00,CDG,5O952,11:30:00,12:25:00,135,0,ASL,31625,PAX,B737,69853,FGZTQ,W15,CONTRAT,,,,,,,,,,,,,,,,,,,,,,,840.0,0.0,0.0,67.0,0.0,907.0,907.0,
22,DEPARTED,USD,ALG,2021-01-14,CDG,5O951,10:20:00,10:20:00,0,0,2021-01-14 00:00:00,CDG,5O952,11:30:00,12:10:00,139,0,ASL,31636,PAX,B737,70080,FGZTP,W15,CONTRAT,,,,,,,,,,,,,,,,,,,,,,,840.0,0.0,0.0,69.5,0.0,909.5,909.5,
23,DEPARTED,USD,ALG,2021-01-14,LYS,5O925,10:30:00,10:30:00,0,0,2021-01-14 00:00:00,LYS,5O926,11:40:00,12:00:00,131,0,ASL,31638,PAX,B733,63000,FGIXT,W16,CONTRAT,,,,,,,,,,,,,,,,,,,,,,,840.0,0.0,0.0,65.5,0.0,905.5,905.5,
24,DEPARTED,USD,ALG,2021-01-21,CDG,5O951,10:20:00,10:20:00,0,2875,2021-01-21 00:00:00,CDG,5O952,11:30:00,12:10:00,135,0,ASL,31642,PAX,B737,69853,FGZTO,W15,CONTRAT,,,,100.0,,,,1.0,1.0,,,,,,,,,,,,,,840.0,0.0,0.0,67.5,235.0,1142.5,1142.5,
25,DEPARTED,USD,ALG,2021-01-21,LYS,50925,10:30:00,10:35:00,0,0,2021-01-21 00:00:00,LYS,5O926,11:40:00,12:00:00,135,0,ASL,31643,PAX,B733,63000,FGZTB,W16,CONTRAT,,,,,,,,,,,,,,,,,,,,,,,840.0,0.0,0.0,67.5,0.0,907.5,907.5,
26,DEPARTED,USD,ALG,2021-01-23,CDG,5O951,10:20:00,10:35:00,0,2763,2021-01-23 00:00:00,CDG,5O952,11:30:00,12:09:00,144,0,ASL,31645,PAX,B733,63000,FGIXT,W15,CONTRAT,,,,,,,,,,,,,,,,,,,,,,,840.0,0.0,0.0,72.0,0.0,912.0,912.0,
27,DEPARTED,USD,ALG,2021-01-28,CDG,5O951,10:20:00,10:10:00,0,2850,2021-01-28 00:00:00,LYS,5O926,11:40:00,12:05:00,140,0,ASL,31650,PAX,B733,63000,FGZTB,W14,CONTRAT,,,,,,,,,,,,,,,,,,,,,,,840.0,0.0,0.0,70.0,0.0,910.0,910.0,
28,DEPARTED,USD,ALG,2021-01-28,LYS,5O925,10:30:00,10:15:00,0,0,2021-01-28 00:00:00,CDG,5O952,11:30:00,12:10:00,144,0,ASL,31648,PAX,B733,63000,GFIXT,W15,CONTRAT,,,,,,,,,,,,,,,,,,,,,,,840.0,0.0,0.0,72.0,0.0,912.0,912.0,
29,DEPARTED,USD,ALG,2021-01-28,LYS,5O927P,16:20:00,16:45:00,0,0,2021-01-28 00:00:00,LYS,5O928,17:30:00,17:30:00,85,0,ASL,31651,PAX,B733,63000,FGZTB,W14,CONTRAT,,,,,,,,,,,,,,,,,,,,,,,840.0,0.0,0.0,42.5,0.0,882.5,882.5,
30,DEPARTED,USD,ALG,2021-01-15,TUN,TU8524,15:00:00,15:30:00,130,0,2021-01-15 00:00:00,TUN,TU8525,16:10:00,15:55:00,0,0,TUNIS AIR,31639,PAX,A320,77000,TSIMW,W2,CONTRAT,,,,,,,,,,,,,,,,,,,,,,,657.0,0.0,0.0,0.0,0.0,657.0,657.0,
31,DEPARTED,USD,ALG,2021-01-25,DJE,TU8424,12:30:00,12:10:00,0,0,2021-01-25 00:00:00,TUN,TU8425,13:30:00,14:00:00,133,0,TUNIS AIR,31646,PAX,A320,77000,TSIMV,W2,CONTRAT,,,,,,,,,,,,,,,,,,,,,,,657.0,0.0,0.0,0.0,0.0,657.0,657.0,
32,DEPARTED,EUR,ALG,2021-01-15,SERVICE,SERVICE,SERVICE,SERVICE,SERVICE,SERVICE,SERVICE,SERVICE,SERVICE,SERVICE,SERVICE,SERVICE,SERVICE,SERVICE,SERVICE,SERVICE,SERVICE,SERVICE,SERVICE,SERVICE,CONTRAT,,,,,,,,,1.0,,,,,,,,,,,,,,0.0,0.0,0.0,0.0,125.0,125.0,125.0,
33,DEPARTED,EUR,ALG,2021-01-25,SERVICE,SERVICE,SERVICE,SERVICE,SERVICE,SERVICE,SERVICE,SERVICE,SERVICE,SERVICE,SERVICE,SERVICE,SERVICE,SERVICE,SERVICE,SERVICE,SERVICE,SERVICE,SERVICE,SERVICE,CONTRAT,,,,,,,,,1.0,,,,,,,,,,,,,,0.0,0.0,0.0,0.0,125.0,125.0,125.0,
34,DEPARTED,USD,ALG,2021-01-01,CMN,AT560,12:00:00,11:18:00,0,0,2021-01-01 00:00:00,CMN,AT561,13:00:00,12:50:00,78,0,RAM,31618,PAX,B737,69399,CNRNR,W2,CONTRAT,,,,,,,,,,,,,,,,,,,,,,,567.0,0.0,0.0,0.0,0.0,567.0,567.0,
35,DEPARTED,USD,ALG,2021-01-03,CMN,AT560,11:55:00,11:07:00,0,0,2021-01-03 00:00:00,CMN,AT561,13:15:00,12:40:00,61,124,RAM,31621,PAX,B737,69399,CNRNV,W2,CONTRAT,,,,,,,,,,,,,,,,,,,,,,,567.0,0.0,0.0,0.0,0.0,567.0,567.0,
36,DEPARTED,USD,ALG,2021-01-06,CMN,AT560,11:55:00,11:19:00,3,0,2021-01-06 00:00:00,CMN,AT561,13:15:00,12:58:00,93,4,RAM,31623,PAX,B738,75069,CNROC,W2,CONTRAT,,,,,,,,,,,,,,,,,,,,,,,796.0,0.0,0.0,0.0,0.0,796.0,796.0,
37,DEPARTED,USD,ALG,2021-01-08,CMN,AT560,11:55:00,11:20:00,4,0,2021-01-08 00:00:00,CMN,AT561,13:15:00,12:52:00,132,0,RAM,31632,PAX,B738,78244,CNRNJ,W2,CONTRAT,,,,,,,,,,,,,,,,,,,,,,,796.0,0.0,0.0,0.0,0.0,796.0,796.0,
38,DEPARTED,USD,ALG,2021-01-10,CMN,AT560,11:55:00,11:00:00,2,0,2021-01-10 00:00:00,CMN,AT561,13:15:00,13:00:00,102,0,RAM,31633,PAX,B738,78244,CNRGK,W2,CONTRAT,,,,,,,,,,,,,,,,,,,,,,,796.0,0.0,0.0,0.0,0.0,796.0,796.0,
39,DEPARTED,USD,ALG,2021-01-20,CMN,AT560,11:40:00,11:23:00,0,0,2021-01-20 00:00:00,CMN,AT561,13:00:00,13:00:00,71,0,RAM,31637,PAX,B738,78244,CNRGI,W1,CONTRAT,,,,,,,,,,,,,,,,,,,,,,,796.0,0.0,0.0,0.0,0.0,796.0,796.0,
40,DEPARTED,USD,ALG,2021-01-22,CMN,AT560,11:40:00,11:15:00,0,0,2021-01-22 00:00:00,CMN,AT561,13:00:00,12:50:00,72,0,RAM,31644,PAX,B738,78244,CNRNW,W2,CONTRAT,,,,,,,,,,,,,,,,,,,,,,,796.0,0.0,0.0,0.0,0.0,796.0,796.0,
41,DEPARTED,USD,ALG,2021-01-27,CMN,AT560,11:40:00,11:35:00,2,0,2021-01-27 00:00:00,CMN,AT561,13:00:00,13:00:00,131,0,RAM,31647,PAX,B738,79015,CNRGV,W2,CONTRAT,,,,,,,,,,,,,,,,,,,,,,,796.0,0.0,0.0,0.0,0.0,796.0,796.0,
42,DEPARTED,USD,ALG,2021-01-30,CMN,AT560,11:40:00,11:30:00,5,0,2021-01-30 00:00:00,CMN,AT561,13:00:00,12:58:00,127,0,RAM,31652,PAX,B738,78244,CNRGJ,W2,CONTRAT,,,,,,,,,,,,,,,,,,,,,,,796.0,0.0,0.0,0.0,0.0,796.0,796.0,
43,DEPARTED,DZD,AZR,2021-01-02,ALG,SF1314,08:50:00,08:40:00,1,0,2021-01-02 00:00:00,IAM,1314,09:35:00,09:15:00,37,0,TASSILI AIRLINES,30096,PAX,B738,79000,7TVCA,2,CONTRAT,,,,,,,,,,,,,,,,,,,,,,,80000.0,0.0,0.0,0.0,0.0,80000.0,80000.0,
44,DEPARTED,DZD,AZR,2021-01-02,IAM,SF1315,13:20:00,13:15:00,57,0,2021-01-02 00:00:00,ALG,1315,14:05:00,13:45:00,31,0,TAL,30097,PAX,B738,79000,7TVCA,3,CONTRAT,,,,,,,,,,,,,,,,,,,,,,,80000.0,0.0,0.0,0.0,0.0,80000.0,80000.0,
45,DEPARTED,DZD,AZR,2021-01-04,CZL,SF1546,12:45:00,12:20:00,13,0,2021-01-04 00:00:00,CZL,1547,13:25:00,12:55:00,22,0,TAL,30098,PAX,DH8D,29000,7TVCN,3,CONTRAT,,,,,,,,,,,,,,,,,,,,,,,25000.0,0.0,0.0,0.0,0.0,25000.0,25000.0,
46,DEPARTED,DZD,AZR,2021-01-05,ORN,SF1990,11:15:00,12:50:00,63,0,2021-01-05 00:00:00,ORN,1991,12:00:00,13:35:00,71,0,TAL,30099,PAX,B738,79000,7TVCF,5,CONTRAT,,,,,,,,,,,,,,,,,,,,,,,80000.0,0.0,0.0,0.0,0.0,80000.0,80000.0,
47,DEPARTED,DZD,AZR,2021-01-07,ALG,SF1410,09:45:00,10:15:00,0,0,2021-01-07 00:00:00,RNS,1411,10:15:00,10:40:00,12,0,TAL,30100,PAX,DH8B,16466,7TVCR,2,CONTRAT,,,,,,,,,,,,,,,,,,,,,,,25000.0,0.0,0.0,0.0,0.0,25000.0,25000.0,
48,DEPARTED,DZD,AZR,2021-01-07,ORN,SF1544,11:10:00,10:50:00,15,0,2021-01-07 00:00:00,ORN,1545,11:45:00,11:15:00,23,0,TAL,30101,PAX,DH8D,29000,7TVCN,2,CONTRAT,,,,,,,,,,,,,,,,,,,,,,,25000.0,0.0,0.0,0.0,0.0,25000.0,25000.0,
49,DEPARTED,DZD,AZR,2021-01-09,ALG,SF1314,08:50:00,08:55:00,5,0,2021-01-09 00:00:00,IAM,1314,09:35:00,09:25:00,58,0,TAL,30102,PAX,B738,79000,7TVCA,2,CONTRAT,,,,,,,,,,,,,,,,,,,,,,,80000.0,0.0,0.0,0.0,0.0,80000.0,80000.0,
50,DEPARTED,DZD,AZR,2021-01-09,IAM,SF1315,13:20:00,13:35:00,42,0,2021-01-09 00:00:00,ALG,1315,14:05:00,14:05:00,32,0,TAL,30103,PAX,B738,79000,7TVCA,3,CONTRAT,,,,,,,,,,,,,,,,,,,,,,,80000.0,0.0,0.0,0.0,0.0,80000.0,80000.0,
51,DEPARTED,DZD,AZR,2021-01-12,CZL,SF1988,11:55:00,12:20:00,68,0,2021-01-12 00:00:00,CZL,1989,12:40:00,13:15:00,93,0,TAL,30104,PAX,B738,79000,7TVCA,4,CONTRAT,,1.0,,,,,,,,,,,,,,,,,,,,,80000.0,0.0,0.0,0.0,2500.0,82500.0,82500.0,
52,DEPARTED,DZD,AZR,2021-01-14,RNS,SF1410,12:20:00,13:35:00,12,0,2021-01-14 00:00:00,ALG,1411,12:45:00,13:55:00,1,0,TAL,30105,PAX,DH8B,16466,7TVCR,2,CONTRAT,,,,,,,,,,,,,,,,,,,,,,,25000.0,0.0,0.0,0.0,0.0,25000.0,25000.0,
53,DEPARTED,DZD,AZR,2021-01-15,ORN,SF1544,10:50:00,11:15:00,34,0,2021-01-15 00:00:00,ORN,1545,11:30:00,12:25:00,56,0,TAL,30107,PAX,DH8D,29000,7TVCN,2,CONTRAT,,,,70.0,,,,,,,,,,,,,,,,,,,25000.0,0.0,0.0,0.0,10000.0,35000.0,35000.0,
54,DEPARTED,DZD,AZR,2021-01-16,ALG,SF1314,08:50:00,08:45:00,2,0,2021-01-16 00:00:00,IAM,1314,09:35:00,09:15:00,40,0,TAL,30108,PAX,B738,79000,7TVCF,2,CONTRAT,,,,,,,,,,,,,,,,,,,,,,,80000.0,0.0,0.0,0.0,0.0,80000.0,80000.0,
55,DEPARTED,DZD,AZR,2021-01-16,IAM,SF1315,13:20:00,13:20:00,31,0,2021-01-16 00:00:00,ALG,1315,14:05:00,13:50:00,25,0,TAL,30109,PAX,B738,79000,7TVCF,2,CONTRAT,,,,,,,,,,,,,,,,,,,,,,,80000.0,0.0,0.0,0.0,0.0,80000.0,80000.0,
56,DEPARTED,DZD,AZR,2021-01-19,ORN,SF1990,11:15:00,13:00:00,61,0,2021-01-19 00:00:00,ORN,1991,12:00:00,13:50:00,108,0,TAL,30111,PAX,B738,79000,7TVCF,2,CONTRAT,,,,,,,,,,,,,,,,,,,,,,,80000.0,0.0,0.0,0.0,0.0,80000.0,80000.0,
57,DEPARTED,DZD,AZR,2021-01-21,ALG,SF1410,09:45:00,09:40:00,0,0,2021-01-21 00:00:00,RNS,1411,10:15:00,11:05:00,9,0,TAL,30113,PAX,DH8B,16466,7TVCQ,2,CONTRAT,,,,85.0,,,,,,,,,,,,,,,,,,,25000.0,0.0,0.0,0.0,10000.0,35000.0,35000.0,
58,DEPARTED,DZD,AZR,2021-01-22,ALG,SF1314,09:10:00,09:15:00,4,0,2021-01-22 00:00:00,IAM,1314,09:50:00,09:45:00,25,0,TAL,30115,PAX,DH8D,29000,7TVCN,2,CONTRAT,,,,,,,,,,,,,,,,,,,,,,,25000.0,0.0,0.0,0.0,0.0,25000.0,25000.0,
59,DEPARTED,DZD,AZR,2021-01-22,IAM,SF1315,13:40:00,14:15:00,37,0,2021-01-22 00:00:00,ALG,1315,14:15:00,14:35:00,8,0,TAL,30116,PAX,DH8D,29000,7TVCN,2,CONTRAT,,,,,,,,,,,,,,,,,,,,,,,25000.0,0.0,0.0,0.0,0.0,25000.0,25000.0,
60,DEPARTED,DZD,AZR,2021-01-24,CZL,SF1546,12:45:00,12:05:00,25,0,2021-01-24 00:00:00,CZL,1547,13:25:00,12:50:00,27,0,TAL,30117,PAX,DH8D,29000,7TVCL,2,CONTRAT,,,,,,,,,,,,,,,,,,,,,,,25000.0,0.0,0.0,0.0,0.0,25000.0,25000.0,
61,DEPARTED,DZD,AZR,2021-01-26,CZL,SF1988,11:55:00,12:05:00,82,0,2021-01-26 00:00:00,CZL,1989,12:40:00,13:00:00,90,0,TAL,30119,PAX,B738,79000,7TVCA,4,CONTRAT,1.0,,,,,,,,,,,,,,,,,,,,,,80000.0,0.0,0.0,0.0,5000.0,85000.0,85000.0,
62,DEPARTED,DZD,AZR,2021-01-26,ORN,SF1544,11:15:00,10:55:00,19,0,2021-01-26 00:00:00,ORN,1545,12:00:00,11:40:00,40,0,TAL,30118,PAX,DH8D,29000,7TVCN,2,CONTRAT,,,,,,,,,,,,,,,,,,,,,,,25000.0,0.0,0.0,0.0,0.0,25000.0,25000.0,
63,DEPARTED,DZD,AZR,2021-01-27,ALG,SF2320,10:40:00,11:10:00,21,0,2021-01-27 00:00:00,ALG,2321,11:40:00,11:40:00,33,0,TAL,30120,PAX,DH8D,29000,7TVCN ,2,CONTRAT,,1.0,,,,,,,,,,,,,,,,,,,,,25000.0,0.0,0.0,0.0,2500.0,27500.0,27500.0,
64,DEPARTED,DZD,AZR,2021-01-28,RNS,SF1410,12:10:00,12:25:00,15,0,2021-01-28 00:00:00,ALG,1411,12:40:00,12:55:00,1,0,TAL,30121,PAX,DH8B,16466,7TVCQ,2,CONTRAT,,,,,,,,,,,,,,,,,,,,,,,25000.0,0.0,0.0,0.0,0.0,25000.0,25000.0,
65,DEPARTED,DZD,AZR,2021-01-30,ALG,SF2320,10:00:00,10:15:00,10,0,2021-01-30 00:00:00,ORN,2352,10:40:00,10:55:00,65,0,TAL,30124,PAX,DH8D,29000,7TVCM,2,CONTRAT,,,,,,,,,,,,,,,,,,,,,,,25000.0,0.0,0.0,0.0,0.0,25000.0,25000.0,
66,DEPARTED,DZD,AZR,2021-01-30,ORN,SF2353,15:30:00,15:30:00,65,0,2021-01-30 00:00:00,ALG,2321,15:55:00,15:55:00,28,0,TAL,30126,PAX,DH8D,29000,7TVCM,2,CONTRAT,,,,,,,,,,,,,,,,,,,,,,,25000.0,0.0,0.0,0.0,0.0,25000.0,25000.0,
67,DEPARTED,DZD,AZR,2021-01-30,ALG,SF1314,08:50:00,09:10:00,14,0,2021-01-30 00:00:00,IAM,SF1314,09:35:00,09:45:00,58,0,TAL,30123,PAX,B738,79000,7TVCE,2,CONTRAT,,,,,,,,,,,,,,,,,,,,,,,80000.0,0.0,0.0,0.0,0.0,80000.0,80000.0,
68,DEPARTED,DZD,AZR,2021-01-30,IAM,SF1315,12:35:00,13:50:00,68,0,2021-01-30 00:00:00,ALG,SF1315,13:10:00,14:25:00,15,0,TAL,30125,PAX,B738,79000,7TVCE,2,CONTRAT,,,,,,,,,,,,,,,,,,,,,,,80000.0,0.0,0.0,0.0,0.0,80000.0,80000.0,
69,DEPARTED,DZD,AZR,2021-01-31,CZL,SF1546,12:45:00,12:15:00,43,0,2021-01-31 00:00:00,CZL,SF1547,13:25:00,12:50:00,27,0,TAL,30127,PAX,DH8D,29000,7TVCL,2,CONTRAT,,,,,,,,,,,,,,,,,,,,,,,25000.0,0.0,0.0,0.0,0.0,25000.0,25000.0,
70,DEPARTED,DZD,BJA,2021-01-05,ALG,SF1128,11:45:00,12:00:00,0,0,2021-01-05 00:00:00,HME,SF1128,12:20:00,12:30:00,76,600,DTH,34118,PAX,B738,79.015,7TVCT,4,CONTRAT,,,,,,,,,,,,,,,,,,,,,,,80000.0,0.0,0.0,0.0,0.0,80000.0,80000.0,
71,DEPARTED,DZD,BJA,2021-01-05,HME,SF1129,15:20:00,14:50:00,85,900,2021-01-05 00:00:00,ALG,SF1129,15:50:00,15:43:00,0,0,DTH,34119,PAX,B738,79.015,7TVCT,4,CONTRAT,,,,,,,,,,,,,,,,,,,,,,,80000.0,0.0,0.0,0.0,0.0,80000.0,80000.0,
72,DEPARTED,DZD,BJA,2021-01-05,ALG,SF1616,09:00:00,09:10:00,4,0,2021-01-05 00:00:00,HRM,SF1512,09:30:00,09:40:00,13,160,DTH,34120,PAX,Q200,16.466,7TVCS,4,CONTRAT,,,,,,,,,,,,,,,,,,,,,,,25000.0,0.0,0.0,0.0,0.0,25000.0,25000.0,
73,DEPARTED,DZD,BJA,2021-01-05,HRM,SF1513,14:50:00,15:00:00,14,130,2021-01-06 00:00:00,QSF,SF1619,08:00:00,08:20:00,4,0,DTH,34121,PAX,Q200,16.466,7TVCS,3,CONTRAT,,,,,,,,,,,,,,,,,,,,,,,25000.0,0.0,0.0,0.0,0.0,25000.0,25000.0,
74,DEPARTED,DZD,BJA,2021-01-06,ALG,SF1414,09:45:00,09:52:00,0,0,2021-01-06 00:00:00,RNS,SF1414,10:15:00,10:30:00,7,60,DTH,34122,PAX,Q200,16.466,7TVCQ,4,CONTRAT,,,,,,,,,,,,,,,,,,,,,,,25000.0,0.0,0.0,0.0,0.0,25000.0,25000.0,
75,DEPARTED,DZD,BJA,2021-01-06,RNS,SF1415,15:10:00,15:10:00,12,100,2021-01-06 00:00:00,ALG,SF1415,15:40:00,15:30:00,0,0,DTH,34124,PAX,Q200,16.466,7TVCQ,4,CONTRAT,,,,,,,,,,,,,,,,,,,,,,,25000.0,0.0,0.0,0.0,0.0,25000.0,25000.0,
76,DEPARTED,DZD,BJA,2021-01-06,ALG,SF1330,10:25:00,10:16:00,1,0,2021-01-06 00:00:00,IAM,SF1330,11:00:00,11:00:00,45,200,DTH,34123,PAX,B738,79.079,7TVCA,4,CONTRAT,,,,,,,,,,,,,,,,,,,,,,,80000.0,0.0,0.0,0.0,0.0,80000.0,80000.0,
77,DEPARTED,DZD,BJA,2021-01-06,IAM,SF1331,15:30:00,15:20:00,74,920,2021-01-06 00:00:00,ALG,SF1331,16:00:00,15:45:00,0,0,DTH,34125,PAX,B738,79.015,7TVCA,3,CONTRAT,,,,,,,,,,,,,,,,,,,,,,,80000.0,0.0,0.0,0.0,0.0,80000.0,80000.0,
78,DEPARTED,DZD,BJA,2021-01-07,ALG,SF1994,09:15:00,09:15:00,0,0,2021-01-07 00:00:00,CZL,SF1996,10:15:00,10:05:00,24,260,DTH,34251,PAX,B738,79.015,7TVCF,4,CONTRAT,,,,,,,,,,,,,,,,,,,,,,,80000.0,0.0,0.0,0.0,0.0,80000.0,80000.0,
79,DEPARTED,DZD,BJA,2021-01-12,ALG,SF1128,11:45:00,11:31:00,0,0,2021-01-12 00:00:00,HME,SF1128,12:20:00,12:06:00,72,530,DTH,34252,PAX,B738,79.015,7TVCF,4,CONTRAT,,,,,,,,,,,,,,,,,,,,,,,80000.0,0.0,0.0,0.0,0.0,80000.0,80000.0,
80,DEPARTED,DZD,BJA,2021-01-12,HME,SF1129,15:40:00,15:25:00,95,1073,2021-01-12 00:00:00,ALG,SF1129,16:10:00,15:49:00,0,0,DTH,34253,PAX,B738,79.015,7TVCF,4,CONTRAT,,,,,,,,,,,,,,,,,,,,,,,80000.0,0.0,0.0,0.0,0.0,80000.0,80000.0,
81,DEPARTED,DZD,BJA,2021-01-13,ALG,SF1414,08:40:00,09:00:00,0,0,2021-01-13 00:00:00,HME,SF1416,09:10:00,09:25:00,6,70,DTH,34254,PAX,Q200,16.466,7TVCR,4,CONTRAT,,,,,,,,,,,,,,,,,,,,,,,25000.0,0.0,0.0,0.0,0.0,25000.0,25000.0,
82,DEPARTED,DZD,BJA,2021-01-13,RNS,SF1415,14:25:00,14:58:00,7,70,2021-01-13 00:00:00,ALG,SF1415,14:55:00,15:25:00,7,70,DTH,34257,PAX,Q200,16.466,7TVCR,3,CONTRAT,,,,,,,,,,,,,,,,,,,,,,,25000.0,0.0,0.0,0.0,0.0,25000.0,25000.0,
83,DEPARTED,DZD,BJA,2021-01-13,ALG,SF1330,10:25:00,10:05:00,1,20,2021-01-13 00:00:00,IAM,SF1330,11:00:00,10:36:00,58,480,DTH,34255,PAX,B738,79.015,7TVCA,4,CONTRAT,,,,,,,,,,,,,,,,,,,,,,,80000.0,0.0,0.0,0.0,0.0,80000.0,80000.0,
84,DEPARTED,DZD,BJA,2021-01-13,IAM,SF1331,15:25:00,14:48:00,65,830,2021-01-13 00:00:00,ALG,SF1331,15:55:00,15:15:00,1,20,DTH,34256,PAX,B738,79.015,7TVCA,4,CONTRAT,,,,,,,,,,,,,,,,,,,,,,,80000.0,0.0,0.0,0.0,0.0,80000.0,80000.0,
85,DEPARTED,DZD,BJA,2021-01-14,ALG,SF1512,08:30:00,08:30:00,1,0,2021-01-14 00:00:00,HRM,SF1512,09:00:00,08:55:00,8,60,DTH,34258,PAX,Q200,16.466,7TVCS,4,CONTRAT,,,,,,,,,,,,,,,,,,,,,,,25000.0,0.0,0.0,0.0,0.0,25000.0,25000.0,
86,DEPARTED,DZD,BJA,2021-01-14,HRM,SF1513,12:15:00,12:05:00,11,130,2021-01-14 00:00:00,ALG,SF1513,12:45:00,12:25:00,0,0,DTH,34260,PAX,Q200,16.466,7TVCS,4,CONTRAT,,,,,,,,,,,,,,,,,,,,,,,25000.0,0.0,0.0,0.0,0.0,25000.0,25000.0,
87,DEPARTED,DZD,BJA,2021-01-14,ALG,SF1204,10:25:00,11:35:00,1,0,2021-01-14 00:00:00,TFT,SF1204,10:55:00,11:55:00,9,60,DTH,34259,PAX,Q400,29.257,7TVCM,4,CONTRAT,,,,,,,,,,,,,,,,,,,,,,,25000.0,0.0,0.0,0.0,0.0,25000.0,25000.0,
88,DEPARTED,DZD,BJA,2021-01-14,TFT,SF1205,15:25:00,16:06:00,13,180,2021-01-14 00:00:00,ALG,SF1205,15:55:00,16:35:00,1,0,DTH,34161,PAX,Q400,29.257,7TVCM,4,CONTRAT,,,,,,,,,,,,,,,,,,,,,,,25000.0,0.0,0.0,0.0,0.0,25000.0,25000.0,
89,DEPARTED,DZD,BJA,2021-01-16,ALG,SF1992,11:45:00,11:35:00,0,0,2021-01-16 00:00:00,HME,SF1992,12:25:00,11:55:00,25,220,DTH,26262,PAX,B738,79015,7TVCA,4,CONTRAT,,,,,,,,,,,,,,,,,,,,,,,80000.0,0.0,0.0,0.0,0.0,80000.0,80000.0,
90,DEPARTED,DZD,BJA,2021-01-16,HME,SF1993,15:40:00,15:13:00,19,212,2021-01-16 00:00:00,ALG,SF1993,16:10:00,15:40:00,0,0,DTH,26263,PAX,B738,79015,7TVCA,4,CONTRAT,,,,,,,,,,,,,,,,,,,,,,,80000.0,0.0,0.0,0.0,0.0,80000.0,80000.0,
91,DEPARTED,DZD,BJA,2021-01-20,ALG,SF1330,09:25:00,09:30:00,0,0,2021-01-20 00:00:00,IAM,SF1330,10:10:00,10:10:00,54,400,DTH,26264,PAX,B738,79015,7TVCF,4,CONTRAT,,,,,,,,,,,,,,,,,,,,,,,80000.0,0.0,0.0,0.0,0.0,80000.0,80000.0,
92,DEPARTED,DZD,BJA,2021-01-20,ALG,SF1416,09:45:00,09:50:00,0,0,2021-01-20 00:00:00,RNS,SF1416,10:15:00,10:20:00,9,126,DTH,26265,PAX,Q200,16466,7TVCR,3,CONTRAT,,,,,,,,,,,,,,,,,,,,,,,25000.0,0.0,0.0,0.0,0.0,25000.0,25000.0,
93,DEPARTED,DZD,BJA,2021-01-20,ALG,SF1128,11:45:00,11:30:00,0,0,2021-01-20 00:00:00,HME,SF1128,12:25:00,12:05:00,64,550,DTH,26266,PAX,B738,79015,7TVCA,4,CONTRAT,,,,,,,,,,,,,,,,,,,,,,,80000.0,0.0,0.0,0.0,0.0,80000.0,80000.0,
94,DEPARTED,DZD,BJA,2021-01-20,IAM,SF1331,14:30:00,14:25:00,61,750,2021-01-20 00:00:00,ALG,SF1331,15:00:00,14:57:00,0,0,DTH,26267,PAX,B738,79015,7TVCF,4,CONTRAT,,,,,,,,,,,,,,,,,,,,,,,80000.0,0.0,0.0,0.0,0.0,80000.0,80000.0,
95,DEPARTED,DZD,BJA,2021-01-20,HME,SF1129,15:40:00,15:40:00,66,1104,2021-01-20 00:00:00,ALG,SF1129,16:10:00,16:05:00,0,0,DTH,26272,PAX,B738,79015,7TVCA,4,CONTRAT,,,,,,,,,,,,,,,,,,,,,,,80000.0,0.0,0.0,0.0,0.0,80000.0,80000.0,
96,DEPARTED,DZD,BJA,2021-01-23,ALG,SF1512,08:30:00,08:25:00,0,0,2021-01-23 00:00:00,HRM,SF1512,09:00:00,08:55:00,15,150,DTH,26273,PAX,Q200,16466,7TVCS,4,CONTRAT,,,,,,,,,,,,,,,,,,,,,,,25000.0,0.0,0.0,0.0,0.0,25000.0,25000.0,
97,DEPARTED,DZD,BJA,2021-01-23,HRM,SF1513,12:15:00,12:10:00,21,220,2021-01-23 00:00:00,ALG,SF1513,12:45:00,12:35:00,0,0,DTH,26274,PAX,Q200,16466,7TVCS,4,CONTRAT,,,,,,,,,,,,,,,,,,,,,,,25000.0,0.0,0.0,0.0,0.0,25000.0,25000.0,
98,DEPARTED,DZD,BJA,2021-01-27,ALG,SF1330,09:25:00,09:25:00,0,0,2021-01-27 00:00:00,IAM,SF1331,10:10:00,09:58:00,52,400,DTH,26275,PAX,B738,79015,7TVCT,4,CONTRAT,,,,,,,,,,,,,,,,,,,,,,,80000.0,0.0,0.0,0.0,0.0,80000.0,80000.0,
99,DEPARTED,DZD,BJA,2021-01-27,ALG,SF1128,11:45:00,11:35:00,0,0,2021-01-27 00:00:00,HME,SF1128,12:25:00,12:10:00,73,600,DTH,26276,PAX,B738,79015,7TVCA,4,CONTRAT,,,,,,,,,,,,,,,,,,,,,,,80000.0,0.0,0.0,0.0,0.0,80000.0,80000.0,
100,DEPARTED,DZD,BJA,2021-01-27,ALG,SF1414,09:00:00,08:35:00,0,0,2021-01-27 00:00:00,RNS,SF1414,09:30:00,09:00:00,2,30,DTH,26279,PAX,Q200,16466,7TVCR,4,CONTRAT,,,,,,,,,,,,,,,,,,,,,,,25000.0,0.0,0.0,0.0,0.0,25000.0,25000.0,
101,DEPARTED,DZD,BJA,2021-01-27,IAM,SF1331,14:30:00,14:10:00,79,950,2021-01-27 00:00:00,ALG,SF1331,15:00:00,14:40:00,0,0,DTH,26277,PAX,B738,79015,7TVCT,4,CONTRAT,,,,,,,,,,,,,,,,,,,,,,,80000.0,0.0,0.0,0.0,0.0,80000.0,80000.0,
102,DEPARTED,DZD,BJA,2021-01-27,HME,SF1129,15:40:00,15:10:00,67,760,2021-01-27 00:00:00,ALG,SF1129,16:10:00,15:40:00,0,0,DTH,26278,PAX,B738,79015,7TVCA,4,CONTRAT,,,,,,,,,,,,,,,,,,,,,,,80000.0,0.0,0.0,0.0,0.0,80000.0,80000.0,
103,DEPARTED,DZD,BJA,2021-01-27,RNS,SF1515,14:25:00,13:25:00,7,120,2021-01-27 00:00:00,ALG,SF1415,14:55:00,13:48:00,0,0,DTH,26280,PAX,Q200,16466,7TVCR,4,CONTRAT,,,,,,,,,,,,,,,,,,,,,,,25000.0,0.0,0.0,0.0,0.0,25000.0,25000.0,
104,DEPARTED,DZD,BJA,2021-01-28,ALG,SF1204,10:25:00,10:30:00,0,0,2021-01-28 00:00:00,TFT,SF1204,10:55:00,11:10:00,7,63,DTH,26281,PAX,Q400,29257,7TVCL,4,CONTRAT,,,,,,,,,,,,,,,,,,,,,,,25000.0,0.0,0.0,0.0,0.0,25000.0,25000.0,
105,DEPARTED,DZD,BJA,2021-01-28,TFT,SF1205,15:20:00,15:30:00,17,260,2021-01-28 00:00:00,ALG,SF1205,15:50:00,15:55:00,0,0,DTH,26282,PAX,Q400,29257,7TVCL,4,CONTRAT,,,,,,,,,,,,,,,,,,,,,,,25000.0,0.0,0.0,0.0,0.0,25000.0,25000.0,
106,DEPARTED,DZD,BJA,2021-01-30,ALG,SF1992,11:45:00,11:55:00,0,0,2021-01-30 00:00:00,HME,SF1992,12:25:00,12:20:00,29,300,DTH,26284,PAX,B738,79015,7TVCD,4,CONTRAT,,,,,,,,,,,,,,,,,,,,,,,80000.0,0.0,0.0,0.0,0.0,80000.0,80000.0,
107,DEPARTED,DZD,BJA,2021-01-30,HME,SF1993,15:40:00,15:30:00,39,280,2021-01-30 00:00:00,ALG,SF1993,16:10:00,15:55:00,1,0,DTH,26287,PAX,B738,79015,7TVCD,4,CONTRAT,,,,,,,,,,,,,,,,,,,,,,,80000.0,0.0,0.0,0.0,0.0,80000.0,80000.0,
108,DEPARTED,DZD,BSK,2021-01-06,RNS,SF1406,11:45:00,11:20:00,7,0,2021-01-06 00:00:00,RNS,SF1407,12:10:00,11:55:00,13,0,TAL,17740,PAX,Q200,16466,CR,2,CONTRAT,,,,,,,,,,,,,,,,,,,,,,,25000.0,0.0,0.0,0.0,0.0,25000.0,25000.0,
109,DEPARTED,DZD,BSK,2021-01-06,ALG,SF1328,11:00:00,10:10:00,0,0,2021-01-06 00:00:00,IAM,SF1328,11:40:00,10:45:00,39,0,TAL,17739,PAX,Q400,29257,CN,2,CONTRAT,,,,,,,,,,,,,,,,,,,,,,,25000.0,0.0,0.0,0.0,0.0,25000.0,25000.0,
110,DEPARTED,DZD,BSK,2021-01-06,IAM,SF1329,14:25:00,14:30:00,35,0,2021-01-06 00:00:00,ALG,SF1329,14:55:00,14:50:00,0,0,TAL,17741,PAX,Q400,29257,CN,2,CONTRAT,,,,,,,,,,,,,,,,,,,,,,,25000.0,0.0,0.0,0.0,0.0,25000.0,25000.0,
111,DEPARTED,DZD,BSK,2021-01-12,ALG,SF1328,10:15:00,10:15:00,0,0,2021-01-12 00:00:00,IAM,SF1328,10:45:00,10:45:00,38,0,TAL,17742,PAX,Q400,29257,CL,2,CONTRAT,,,,,,,,,,,,,,,,,,,,,,,25000.0,0.0,0.0,0.0,0.0,25000.0,25000.0,
112,DEPARTED,DZD,BSK,2021-01-12,IAM,SF1329,14:25:00,14:50:00,55,0,2021-01-12 00:00:00,ALG,SF1329,14:55:00,15:20:00,0,0,TAL,17744,PAX,Q400,29257,CL,2,CONTRAT,,,,,,,,,,,,,,,,,,,,,,,25000.0,0.0,0.0,0.0,0.0,25000.0,25000.0,
113,DEPARTED,DZD,BSK,2021-01-12,ALG,SF1204,10:30:00,10:45:00,0,0,2021-01-12 00:00:00,TFT,SF1204,11:00:00,11:00:00,7,0,TAL,17743,PAX,Q400,29257,CM,1,CONTRAT,,,,,,,,,,,,,,,,,,,,,,,25000.0,0.0,0.0,0.0,0.0,25000.0,25000.0,
114,DEPARTED,DZD,BSK,2021-01-12,TFT,SF1205,14:25:00,14:20:00,14,0,2021-01-12 00:00:00,ALG,SF1205,14:55:00,14:50:00,0,0,TAL,17745,PAX,Q400,29257,CM,,CONTRAT,,,,,,,,,,,,,,,,,,,,,,,25000.0,0.0,0.0,0.0,0.0,25000.0,25000.0,
115,DEPARTED,DZD,BSK,2021-01-13,ALG,SF1406,10:50:00,10:10:00,0,0,2021-01-13 00:00:00,RNS,SF1406,11:20:00,11:15:00,11,0,TAL,17746,PAX,Q200,16466,CS,1,CONTRAT,,,,,,,,,,,,,,,,,,,,,,,25000.0,0.0,0.0,0.0,0.0,25000.0,25000.0,
116,DEPARTED,DZD,BSK,2021-01-13,RNS,SF1407,15:45:00,15:40:00,18,0,2021-01-13 00:00:00,ALG,SF1407,16:15:00,16:00:00,0,0,TAL,17747,PAX,Q200,16466,CS,,CONTRAT,,,,,,,,,,,,,,,,,,,,,,,25000.0,0.0,0.0,0.0,0.0,25000.0,25000.0,
117,DEPARTED,DZD,BSK,2021-01-19,ALG,SF1328,10:00:00,10:20:00,0,0,2021-01-19 00:00:00,IAM,SF1328,10:20:00,10:58:00,52,0,TAL,17748,PAX,Q400,29257,CN,2,CONTRAT,,,,,,,,,,,,,,,,,,,,,,,25000.0,0.0,0.0,0.0,0.0,25000.0,25000.0,
118,DEPARTED,DZD,BSK,2021-01-19,IAM,SF1329,14:45:00,15:03:00,35,0,2021-01-19 00:00:00,ALG,SF1329,15:15:00,15:25:00,1,0,TAL,22251,PAX,Q400,29257,CN,2,CONTRAT,,,,,,,,,,,,,,,,,,,,,,,25000.0,0.0,0.0,0.0,0.0,25000.0,25000.0,
119,DEPARTED,DZD,BSK,2021-01-20,ALG,SF1406,11:45:00,11:10:00,0,0,2021-01-20 00:00:00,ALG,SF1406,12:15:00,11:35:00,11,0,TAL,22252,PAX,Q200,16466,CR,2,CONTRAT,,,,,,,,,,,,,,,,,,,,,,,25000.0,0.0,0.0,0.0,0.0,25000.0,25000.0,
120,DEPARTED,DZD,BSK,2021-01-20,RNS,SF1407,15:35:00,15:15:00,11,0,2021-01-20 00:00:00,ALG,SF1407,16:00:00,15:40:00,0,0,TAL,22253,PAX,Q200,16466,CR,2,CONTRAT,,,,,,,,,,,,,,,,,,,,,,,25000.0,0.0,0.0,0.0,0.0,25000.0,25000.0,
121,DEPARTED,DZD,BSK,2021-01-26,ALG,SF1204,10:30:00,10:40:00,0,0,2021-01-26 00:00:00,TFT,SF1204,11:00:00,11:10:00,16,0,TAL,22254,PAX,Q400,29257,CM,2,CONTRAT,,,,,,,,,,,,,,,,,,,,,,,25000.0,0.0,0.0,0.0,0.0,25000.0,25000.0,
122,DEPARTED,DZD,BSK,2021-01-26,TFT,SF1205,14:25:00,14:51:00,16,0,2021-01-26 00:00:00,ALG,SF1205,14:55:00,15:15:00,0,0,TAL,22255,PAX,Q400,29257,CM,2,CONTRAT,,,,,,,,,,,,,,,,,,,,,,,25000.0,0.0,0.0,0.0,0.0,25000.0,25000.0,
123,DEPARTED,DZD,BSK,2021-01-27,RNS,SF1406,11:40:00,11:20:00,11,0,2021-01-27 00:00:00,RNS,SF1407,12:10:00,11:55:00,12,0,TAL,22256,PAX,Q200,16466,CS,2,CONTRAT,,,,,,,,,,,,,,,,,,,,,,,25000.0,0.0,0.0,0.0,0.0,25000.0,25000.0,
124,DEPARTED,DZD,BSK,2021-01-27,ALG,SF1328,10:00:00,10:00:00,0,0,2021-01-27 00:00:00,IAM,SF1328,10:35:00,10:40:00,46,0,TAL,22257,PAX,B738,79015,CE,2,CONTRAT,,,,,,,,,,,,,,,,,,,,,,,80000.0,0.0,0.0,0.0,0.0,80000.0,80000.0,
125,DEPARTED,DZD,BSK,2021-01-27,IAM,SF1329,12:35:00,13:55:00,55,0,2021-01-27 00:00:00,ALG,SF1329,14:30:00,14:15:00,0,0,TAL,22258,PAX,B738,79015,CE,2,CONTRAT,,,,,,,,,,,,,,,,,,,,,,,80000.0,0.0,0.0,0.0,0.0,80000.0,80000.0,
126,DEPARTED,DZD,CZL,2021-01-04,ALG,SF1546,08:40:00,08:35:00,0,0,2021-01-04 00:00:00,AZR,SF1546,09:20:00,09:05:00,5,,TAL,14922,PIST,Q400,29,7TV CN,6,CONTRAT,,,,30.0,,,,,,,,,,,,,,,,,,,0.0,0.0,0.0,0.0,10000.0,10000.0,10000.0,
127,DEPARTED,DZD,CZL,2021-01-04,AZR,SF1547,14:55:00,14:15:00,12,0,2021-01-04 00:00:00,ALG,SF1547,16:35:00,14:40:00,0,,TAL,14923,PIST,Q400,29,7TV CN,5,CONTRAT,,,,25.0,,,,,,,,,,,,,,,,,,,0.0,0.0,0.0,0.0,10000.0,10000.0,10000.0,
128,DEPARTED,DZD,CZL,2021-01-08,ALG,SF1156,09:55:00,09:30:00,0,0,2021-01-08 00:00:00,HME,SF1156,10:35:00,10:05:00,6,,TAL,14924,PIST,B738,79,7TV CT,6,CONTRAT,,,,,,,,,,,,,,,1.0,,,,,,,,0.0,0.0,0.0,0.0,10000.0,10000.0,10000.0,
129,DEPARTED,DZD,CZL,2021-01-09,ALG,SF1206,09:55:00,09:55:00,0,0,2021-01-09 00:00:00,TFT,SF1206,10:30:00,10:20:00,4,,TAL,14925,PIST,Q400,29,7TV CL,4,CONTRAT,,,,25.0,,,,,,,,,,,,1.0,,,,,,,0.0,0.0,0.0,0.0,20600.0,20600.0,20600.0,
130,DEPARTED,DZD,CZL,2021-01-09,TFT,SF1207,14:35:00,15:05:00,0,0,2021-01-09 00:00:00,ALG,SF1207,14:50:00,15:10:00,5,,TAL,14926,PIST,Q400,29,7TV CL,5,CONTRAT,,,,15.0,,,,,,,,,,,,,,,,,,,0.0,0.0,0.0,0.0,10000.0,10000.0,10000.0,
131,DEPARTED,DZD,CZL,2021-01-10,RNS,SF1204,11:00:00,11:29:00,0,0,2021-01-10 00:00:00,RNS,SF1205,11:35:00,12:05:00,7,,TAL,14927,PIST,Q400,29,7TV CM,6,CONTRAT,,,,25.0,,,,,,,,,,,,,,,,,,,0.0,0.0,0.0,0.0,10000.0,10000.0,10000.0,
132,DEPARTED,DZD,CZL,2021-01-16,ALG,SF1206,10:05:00,09:30:00,0,0,2021-01-16 00:00:00,TFT,SF1206,10:35:00,09:50:00,33,,TAL,14928,PIST,Q400,29,7TV CL,5,CONTRAT,,,,25.0,,,,,,,,,,,,,,,,,,,0.0,0.0,0.0,0.0,10000.0,10000.0,10000.0,
133,DEPARTED,DZD,CZL,2021-01-16,TFT,SF1207,13:35:00,13:45:00,30,0,2021-01-16 00:00:00,ALG,SF1207,14:05:00,14:00:00,1,,TAL,14929,PIST,Q400,29,7TV CL,6,CONTRAT,,,,15.0,,,,,,,,,,,,,,,,,,,0.0,0.0,0.0,0.0,10000.0,10000.0,10000.0,
134,DEPARTED,DZD,CZL,2021-01-17,RNS,SF1404,10:45:00,10:20:00,45,0,2021-01-17 00:00:00,RNS,SF1405,11:35:00,11:05:00,37,,TAL,14930,PIST,Q400,29,7TV CN,4,CONTRAT,,,,35.0,,,,,,,,,,,,,,,,,,,0.0,0.0,0.0,0.0,10000.0,10000.0,10000.0,
135,DEPARTED,DZD,CZL,2021-01-23,ALG,SF1206,09:55:00,10:25:00,0,0,2021-01-23 00:00:00,TFT,SF1206,10:30:00,10:50:00,58,,TAL,14931,PIST,Q400,29,7TV CM,6,CONTRAT,,,,20.0,,,,,,,,,,,,,,,,,,,0.0,0.0,0.0,0.0,10000.0,10000.0,10000.0,
136,DEPARTED,DZD,CZL,2021-01-23,TFT,SF1207,14:35:00,14:30:00,32,0,2021-01-23 00:00:00,ALG,SF1207,15:05:00,15:00:00,22,,TAL,14932,PIST,Q400,29,7TV CM,5,CONTRAT,,,,30.0,,,,,,,,,,,,,,,,,,,0.0,0.0,0.0,0.0,10000.0,10000.0,10000.0,
137,DEPARTED,DZD,CZL,2021-01-24,ALG,SF1546,08:40:00,08:40:00,1,0,2021-01-24 00:00:00,AZR,SF1546,09:20:00,08:55:00,25,,TAL,14933,PIST,Q400,29,7TV CL,7,CONTRAT,,,,15.0,,,,,,,,,,,,,,,,,,,0.0,0.0,0.0,0.0,10000.0,10000.0,10000.0,
138,DEPARTED,DZD,CZL,2021-01-24,RNS,SF1204,11:00:00,10:25:00,44,0,2021-01-24 00:00:00,RNS,SF1205,11:30:00,11:00:00,33,,TAL,14934,PIST,Q400,29,7TV CM,5,CONTRAT,,,,25.0,,,,,,,,,,,,,,,,,,,0.0,0.0,0.0,0.0,10000.0,10000.0,10000.0,
139,DEPARTED,DZD,CZL,2021-01-24,AZR,SF1547,13:50:00,14:05:00,15,0,2021-01-24 00:00:00,ALG,SF1547,15:05:00,14:30:00,0,,TAL,14935,PIST,Q400,29,7TV CL,5,CONTRAT,,,,25.0,,,,,,,,,,,,,,,,,,,0.0,0.0,0.0,0.0,10000.0,10000.0,10000.0,
140,DEPARTED,DZD,CZL,2021-01-25,IAM,SF1323,10:40:00,10:35:00,154,0,2021-01-26 00:00:00,IAM,SF1322,11:20:00,08:40:00,88,,TAL,14936,PIST,B738,79,7TV CD,4,CONTRAT,,,,300.0,,,,,,,,,,,,,,,,,,,0.0,0.0,0.0,0.0,50000.0,50000.0,50000.0,
141,DEPARTED,DZD,CZL,2021-01-30,ALG,SF1246,09:55:00,09:45:00,0,0,2021-01-30 00:00:00,TFT,SF1206,10:30:00,10:15:00,56,,TAL,14937,PIST,B738,29,7TV CL,7,CONTRAT,,,,35.0,,,,,,,,,,,,,,,,,,,0.0,0.0,0.0,0.0,10000.0,10000.0,10000.0,
142,DEPARTED,DZD,DJG,2021-01-02,RNS,SF1432,12:00:00,12:30:00,15,200,2021-01-02 00:00:00,RNS,SF1433,13:00:00,13:30:00,19,150,,21777,PAX,Q400,,7TVCL,1,CONTRAT,,,,,,,,,,,,,,,,,,,,,,,25000.0,0.0,0.0,0.0,0.0,25000.0,25000.0,
143,DEPARTED,DZD,DJG,2021-01-16,RNS,SF1432,09:30:00,09:30:00,10,200,2021-01-16 00:00:00,RNS,SF1433,10:30:00,10:35:00,15,180,TAL,13377,PAX,Q400,29257,CM,1,CONTRAT,,,,,,,,,,,,,,,,,,,,,,,25000.0,0.0,0.0,0.0,0.0,25000.0,25000.0,
144,DEPARTED,DZD,DJG,2021-01-20,TFT,IP,08:45:00,08:45:00,10,100,2021-01-20 00:00:00,TFT,IP,09:15:00,09:15:00,12,120,TAL,21778,PAX,BE190,17120,IP,1,CONTRAT,,,,,,,,,,,,,,,,,,,,,,,18000.0,0.0,0.0,0.0,0.0,18000.0,18000.0,
145,DEPARTED,DZD,DJG,2021-01-29,IAM,IP,08:35:00,08:35:00,10,175,2021-01-29 00:00:00,IAM,IP,09:35:00,10:10:00,18,151,TAL,21751,PAX,BE190,17120,IP,1,CONTRAT,,,,,,,,,,,,,,,,,,,,,,,18000.0,0.0,0.0,0.0,0.0,18000.0,18000.0,
146,DEPARTED,DZD,DJG,2021-01-30,RNS,SF1432,10:45:00,10:45:00,21,300,2021-01-30 00:00:00,RNS,SF1432,11:30:00,11:30:00,12,130,TAL,21753,PAX,Q400,29257,CN,1,CONTRAT,,,,,,,,,,,,,,,,,,,,,,,25000.0,0.0,0.0,0.0,0.0,25000.0,25000.0,
147,DEPARTED,DZD,ELG,2021-01-07,ALG,1340,09:30:00,10:35:00,0,0,2021-01-07 00:00:00,IAM,1340,10:00:00,11:12:00,13,96,TAL,28038,PAX,DH8B,,7TVCS,1,CONTRAT,,,,,,,,,,,,,,,,,,,,,,,25000.0,0.0,0.0,0.0,0.0,25000.0,25000.0,
148,DEPARTED,DZD,ELG,2021-01-07,IAM,1341,14:30:00,15:30:00,16,250,2021-01-07 00:00:00,ALG,1341,15:30:00,16:07:00,0,0,TAL,28039,PAX,DH8B,,7TVCS,1,CONTRAT,,,,,,,,,,,,,,,,,,,,,,,25000.0,0.0,0.0,0.0,0.0,25000.0,25000.0,
149,DEPARTED,DZD,ELG,2021-01-20,ALG,1340,09:50:00,11:05:00,0,0,2021-01-20 00:00:00,IAM,1340,11:15:00,11:40:00,18,143,TAL,10248,PAX,DH8B,,7TVCQ,1,CONTRAT,,,,,,,,,,,,,,,,,,,,,,,25000.0,0.0,0.0,0.0,0.0,25000.0,25000.0,
150,DEPARTED,DZD,ELG,2021-01-20,IAM,1341,15:35:00,15:40:00,7,150,2021-01-20 00:00:00,ALG,1341,16:10:00,16:10:00,0,0,TAL,10249,PAX,DH8B,,7TVCQ,1,CONTRAT,,,,,,,,,,,,,,,,,,,,,,,25000.0,0.0,0.0,0.0,0.0,25000.0,25000.0,
151,DEPARTED,DZD,GHA,2021-01-03,ALG,SF1304,09:30:00,09:05:00,0,0,2021-01-03 00:00:00,IAM,SF1305,10:20:00,10:11:00,46,0,TASSILI ,20719,PAX,DH8/D,,7TVCM,,CONTRAT,,,,65.0,,,,,,,,,,,,,,,,,,,25000.0,0.0,0.0,0.0,10000.0,35000.0,35000.0,
152,DEPARTED,DZD,GHA,2021-01-03,RDN,SF1420,11:05:00,11:55:00,13,0,2021-01-03 00:00:00,RDN,SF1421,11:55:00,12:08:00,15,0,TASSILI ,20720,PAX,DH8/B,,7TVCR,,CONTRAT,,,,,,,,,,,,,,,,,,,,,,,25000.0,0.0,0.0,0.0,0.0,25000.0,25000.0,
153,DEPARTED,DZD,GHA,2021-01-03,IMN,SF1305,15:40:00,15:30:00,14,0,2021-01-03 00:00:00,ALG,SF1305,16:25:00,16:20:00,0,0,TASSILI ,20721,PAX,DH8/D,,7TVCM,,CONTRAT,,,,,,,,,,,,,,,,,,,,,,,25000.0,0.0,0.0,0.0,0.0,25000.0,25000.0,
154,DEPARTED,DZD,GHA,2021-01-03,BRN,ZSDIH,10:30:00,10:20:00,3,0,2021-01-03 00:00:00,BRN,ZSDIH,11:30:00,11:30:00,2,0,TASSILI ,20723,PAX,LET410,,ZSDIH,,CONTRAT,,,,,,,,,,,,,,,,,,,,,,,25000.0,0.0,0.0,0.0,0.0,25000.0,25000.0,
155,DEPARTED,DZD,GHA,2021-01-04,TFT,SF1202,11:50:00,12:00:00,4,0,2021-01-04 00:00:00,ORN,SF1203,12:50:00,13:00:00,0,0,TASSILI ,20724,PAX,DH8/D,,7TVCM,,CONTRAT,,,,,,,,,,,,,,,,,,,,,,,25000.0,0.0,0.0,0.0,0.0,25000.0,25000.0,
156,DEPARTED,DZD,GHA,2021-01-07,ALG,SF1230,10:15:00,10:10:00,0,0,2021-01-07 00:00:00,TFT,SF1230,10:45:00,10:50:00,28,0,TASSILI ,20725,PAX,DH8/D,,7TVCM,,CONTRAT,,,,,,,,,,,,,,,,,,,,,,,25000.0,0.0,0.0,0.0,0.0,25000.0,25000.0,
157,DEPARTED,DZD,GHA,2021-01-07,TFT,SF1231,14:30:00,14:20:00,15,0,2021-01-07 00:00:00,ALG,SF1231,15:20:00,15:00:00,0,0,TASSILI ,44501,PAX,DH8/D,,7TVCM,,CONTRAT,,,,,,,,,,,,,,,,,,,,,,,25000.0,0.0,0.0,0.0,0.0,25000.0,25000.0,
158,DEPARTED,DZD,GHA,2021-01-10,ALG,SF1304,09:00:00,10:30:00,0,0,2021-01-10 00:00:00,IAM,SF1304,09:45:00,11:00:00,37,0,TASSILI ,44503,PAX,DH8/D,,7TVCN,,CONTRAT,,,,,,,,,,,,,,,,,,,,,,,25000.0,0.0,0.0,0.0,0.0,25000.0,25000.0,
159,DEPARTED,DZD,GHA,2021-01-10,RNS,SF1420,10:35:00,11:40:00,17,0,2021-01-10 00:00:00,RNS,SF1421,11:35:00,12:25:00,20,0,TASSILI ,44504,PAX,DH8/D,,7TVCR,,CONTRAT,,,,,,,,,,,,,,,,,,,,,,,25000.0,0.0,0.0,0.0,0.0,25000.0,25000.0,
160,DEPARTED,DZD,GHA,2021-01-10,IMN,SF1305,14:00:00,14:35:00,30,0,2021-01-10 00:00:00,ALG,SF1305,14:30:00,15:00:00,0,0,TASSILI ,44505,PAX,DH8/D,,7TVCN,,CONTRAT,,,,,,,,,,,,,,,,,,,,,,,25000.0,0.0,0.0,0.0,0.0,25000.0,25000.0,
161,DEPARTED,DZD,GHA,2021-01-17,IMN,SF1305,11:40:00,11:30:00,39,470,2021-01-17 00:00:00,ALG,SF1305,12:10:00,12:05:00,0,0,TASSILI ,44511,PAX,DH8/D,,7TVCL,,CONTRAT,,,,,,,,,,,,,,,,,,,,,,,25000.0,0.0,0.0,0.0,0.0,25000.0,25000.0,
162,DEPARTED,DZD,GHA,2021-01-17,RNS,SF1420,11:40:00,11:50:00,13,0,2021-01-17 00:00:00,RDN,SF1421,12:15:00,12:20:00,16,0,TASSILI ,44512,PAX,DH8/B,,7TVCS,,CONTRAT,,,,,,,,,,,,,,,,,,,,,,,25000.0,0.0,0.0,0.0,0.0,25000.0,25000.0,
163,DEPARTED,DZD,GHA,2021-01-17,ALG,SF1304,08:20:00,08:00:00,0,0,2021-01-17 00:00:00,IAM,SF1304,08:55:00,08:35:00,38,0,TASSILI ,44513,PAX,DH8/D,,7TVCL,,CONTRAT,,,,,,,,,,,,,,,,,,,,,,,25000.0,0.0,0.0,0.0,0.0,25000.0,25000.0,
164,DEPARTED,DZD,GHA,2021-01-18,TGR,ZSEAI,11:20:00,11:25:00,8,0,2021-01-18 00:00:00,BRN,ZSDIH,12:20:00,12:20:00,6,0,TASSILI ,44514,PAX,LET410,,ZSDIH,,CONTRAT,,,,,,,,,,,,,,,,,,,,,,,18000.0,0.0,0.0,0.0,0.0,18000.0,18000.0,
165,DEPARTED,DZD,GHA,2021-01-18,TFT,SF1203,13:10:00,12:10:00,3,0,2021-01-18 00:00:00,ORN,SF1203,12:40:00,12:40:00,0,0,TASSILI ,44515,PAX,DH8/D,,7TVCM,,CONTRAT,,,,,,,,,,,,,,,,,,,,,,,25000.0,0.0,0.0,0.0,0.0,25000.0,25000.0,
166,DEPARTED,DZD,GHA,2021-01-21,ALG,SF1230,10:15:00,10:20:00,12,0,2021-01-21 00:00:00,TFT,SF1230,10:45:00,10:50:00,15,0,TASSILI ,44516,PAX,DH8/D,,7TVCL,,CONTRAT,,,,,,,,,,,,,,,,,,,,,,,25000.0,0.0,0.0,0.0,0.0,25000.0,25000.0,
167,DEPARTED,DZD,GHA,2021-01-21,TFT,SF1231,13:40:00,13:30:00,6,0,2021-01-21 00:00:00,ALG,SF1231,14:10:00,14:00:00,0,0,TASSILI ,44517,PAX,DH8/D,,7TVCL,,CONTRAT,,,,,,,,,,,,,,,,,,,,,,,25000.0,0.0,0.0,0.0,0.0,25000.0,25000.0,
168,DEPARTED,DZD,GHA,2021-01-25,TGR,ZSEAO,10:40:00,11:40:00,3,0,2021-01-25 00:00:00,HME,ZSEAO,11:30:00,12:00:00,4,0,TASSILI ,44518,PAX,DH8/D,,ZSEAO,,CONTRAT,,,,,,,,,,,,,,,,,,,,,,,25000.0,0.0,0.0,0.0,0.0,25000.0,25000.0,
169,DEPARTED,DZD,GHA,2021-01-24,ALG,SF1304,08:20:00,08:30:00,0,0,2021-01-24 00:00:00,IAM,SF1305,08:55:00,09:50:00,21,0,TASSILI ,44519,PAX,DH8/D,,7TVCN,,CONTRAT,,,,,,,,,,,,,,,,,,,,,,,25000.0,0.0,0.0,0.0,0.0,25000.0,25000.0,
170,DEPARTED,DZD,GHA,2021-01-24,RNS,SF1420,11:40:00,11:32:00,31,0,2021-01-24 00:00:00,RDN,SF1421,12:10:00,12:10:00,13,0,TASSILI ,44520,PAX,DH8/D,,7TVCQ,,CONTRAT,,,,,,,,,,,,,,,,,,,,,,,25000.0,0.0,0.0,0.0,0.0,25000.0,25000.0,
171,DEPARTED,DZD,GHA,2021-01-24,IMN,SF1305,12:10:00,13:45:00,31,0,2021-01-24 00:00:00,ALG,SF1305,12:40:00,14:15:00,0,0,TASSILI ,44521,PAX,DH8/D,,7TVCN,,CONTRAT,,,,,,,,,,,,,,,,,,,,,,,25000.0,0.0,0.0,0.0,0.0,25000.0,25000.0,
172,DEPARTED,DZD,GHA,2021-01-25,TFT,SF1203,10:10:00,12:30:00,8,0,2021-01-25 00:00:00,ORN,SF1203,10:40:00,12:50:00,0,0,TASSILI ,44522,PAX,DH8/D,,7TVCL,,CONTRAT,,,,,,,,,,,,,,,,,,,,,,,25000.0,0.0,0.0,0.0,0.0,25000.0,25000.0,
173,DEPARTED,DZD,GHA,2021-01-26,RNS,SF1420,11:00:00,11:16:00,11,0,2021-01-26 00:00:00,HME,SF1421,11:30:00,15:20:00,15,,TASSILI ,44524,PAX,DH8/B,,7TVCS,,CONTRAT,,,,,,,,,,,,,,,,,,,,,,,25000.0,0.0,0.0,0.0,0.0,25000.0,25000.0,
174,DEPARTED,DZD,HME,2021-01-09,MRS,MEM3004,10:00:00,10:20:00,,,2021-01-09 00:00:00,,MEM3005,13:15:00,13:45:00,,,ICAR,1773,CARGO,AN12,61,UR-CGW,6,CONTRAT,,,,,,,,,,,,,,,,,,,,,,,1400.0,0.0,0.0,0.0,0.0,1400.0,1400.0,
175,DEPARTED,DZD,HME,2021-01-23,MRS,MEM3004,13:30:00,13:00:00,,,2021-01-24 00:00:00,BHX,MEM3005,00:00:00,00:10:00,,,ICAR,1775,CARGO,AN12,61,UR-CEW,6,CONTRAT,,,,,,,,,,,,,,,,,,,,,,,1400.0,0.0,0.0,0.0,0.0,1400.0,1400.0,
176,DEPARTED,DZD,OGX,2021-01-05,IAM,BE1900,,,8,0,2021-01-05 00:00:00,IAM,BE1900,09:40:00,09:45:00,5,0,TASSILI AIRAINES,18588,PAX,BE190,7700,7T-VIQ,3,CONTRAT,,,,,,,,,,,,,,,,,,,,,,,18000.0,0.0,0.0,0.0,0.0,18000.0,18000.0,
177,DEPARTED,DZD,TEE,2021-01-04,RNS,SF1413,13:55:00,14:20:00,1,10,2021-01-04 00:00:00,AAE,SF1412,14:20:00,14:48:00,0,0,TASSILI AIRLINES,35378,PAX,DH8B,16.466,7TVCR,3,CONTRAT,,,,,,,,,,,,,,,,,,,,,,,25000.0,0.0,0.0,0.0,0.0,25000.0,25000.0,
178,DEPARTED,DZD,TEE,2021-01-05,ALG,SF1160,11:25:00,11:05:00,0,0,2021-01-05 00:00:00,HME,SF1115,12:00:00,11:35:00,38,418,TASSILI AIRLINES,35379,PAX,B738,79.015,7TVCA,3,CONTRAT,,,,,,,,,,,,,,,,,,,,,,,80000.0,0.0,0.0,0.0,0.0,80000.0,80000.0,
179,DEPARTED,DZD,TEE,2021-01-05,HME,SF1114,15:00:00,14:10:00,44,856,2021-01-05 00:00:00,ALG,SF1161,15:30:00,14:30:00,4,55,TASSILI AIRLINES,35380,PAX,B738,79.015,7TVCA,3,CONTRAT,,,,,,,,,,,,,,,,,,,,,,,80000.0,0.0,0.0,0.0,0.0,80000.0,80000.0,
180,DEPARTED,DZD,TEE,2021-01-07,ALG,SF1310,10:20:00,09:35:00,0,0,2021-01-07 00:00:00,IAM,SF1310,10:50:00,10:35:00,35,400,TASSILI AIRLINES,35381,PAX,DH8D,29.257,7TVCL,3,CONTRAT,,,,,,,,,,,,,,,,,,,,,,,25000.0,0.0,0.0,0.0,0.0,25000.0,25000.0,
181,DEPARTED,DZD,TEE,2021-01-07,IAM,SF1311,15:10:00,14:45:00,40,470,2021-01-07 00:00:00,ALG,SF1311,15:40:00,15:05:00,0,0,TASSILI AIRLINES,35382,PAX,DH8D,29.257,7TVCL,3,CONTRAT,,,,,,,,,,,,,,,,,,,,,,,25000.0,0.0,0.0,0.0,0.0,25000.0,25000.0,
182,DEPARTED,DZD,TEE,2021-01-11,RNS,SF1408,12:10:00,12:05:00,4,50,2021-01-11 00:00:00,AAE,SF1412,12:40:00,12:30:00,0,0,TASSILI AIRLINES,35383,PAX,DH8B,16.466,7TVCQ,3,CONTRAT,,,,,,,,,,,,,,,,,,,,,,,25000.0,0.0,0.0,0.0,0.0,25000.0,25000.0,
183,DEPARTED,DZD,TEE,2021-01-12,ALG,SF1160,11:25:00,11:15:00,1,0,2021-01-12 00:00:00,HME,SF1115,12:00:00,11:47:00,43,323,TASSILI AIRLINES,35384,PAX,B738,79.015,7TVCD,3,CONTRAT,,,,,,,,,,,,,,,,,,,,,,,80000.0,0.0,0.0,0.0,0.0,80000.0,80000.0,
184,DEPARTED,DZD,TEE,2021-01-12,HME,SF1114,15:00:00,14:50:00,42,518,2021-01-12 00:00:00,ALG,SF1161,15:30:00,15:07:00,0,0,TASSILI AIRLINES,35385,PAX,B738,79.015,7TVCD,4,CONTRAT,,,,,,,,,,,,,,,,,,,,,,,80000.0,0.0,0.0,0.0,0.0,80000.0,80000.0,
185,DEPARTED,DZD,TEE,2021-01-14,ALG,SF1310,10:20:00,10:00:00,0,0,2021-01-14 00:00:00,IAM,SF1310,10:50:00,10:35:00,29,260,TASSILI AIRLINES,35386,PAX,DH8D,29.257,7TVCN,3,CONTRAT,,,,,,,,,,,,,,,,,,,,,,,25000.0,0.0,0.0,0.0,0.0,25000.0,25000.0,
186,DEPARTED,DZD,TEE,2021-01-14,IAM,SF1311,15:10:00,15:00:00,43,500,2021-01-14 00:00:00,ALG,SF1311,15:40:00,15:20:00,0,0,TASSILI AIRLINES,35387,PAX,DH8D,29.257,7TVCN,3,CONTRAT,,,,,,,,,,,,,,,,,,,,,,,25000.0,0.0,0.0,0.0,0.0,25000.0,25000.0,
187,DEPARTED,DZD,TEE,2021-01-18,ALG,SF1412,10:35:00,10:45:00,0,0,2021-01-18 00:00:00,RNS,SF1412,11:00:00,11:15:00,0,0,TASSILI AIRLINES,35388,PAX,DH8B,16.466,7TVCQ,3,CONTRAT,,,,,,,,,,,,,,,,,,,,,,,25000.0,0.0,0.0,0.0,0.0,25000.0,25000.0,
188,DEPARTED,DZD,TEE,2021-01-21,ALG,SF1310,09:50:00,09:25:00,0,0,2021-01-21 00:00:00,IAM,SF1310,10:20:00,10:13:00,28,255,TASSILI AIRLINES,35389,PAX,DH8D,29.257,7TVCN,3,CONTRAT,,,,,,,,,,,,,,,,,,,,,,,25000.0,0.0,0.0,0.0,0.0,25000.0,25000.0,
189,DEPARTED,DZD,TEE,2021-01-21,ALG,SF1160,11:25:00,11:20:00,4,30,2021-01-21 00:00:00,HME,SF1115,12:00:00,11:45:00,30,234,TASSILI AIRLINES,35390,PAX,B738,79.015,7TVCA,3,CONTRAT,,,,,,,,,,,,,,,,,,,,,,,80000.0,0.0,0.0,0.0,0.0,80000.0,80000.0,
190,DEPARTED,DZD,TEE,2021-01-21,IAM,SF1311,14:40:00,14:30:00,49,500,2021-01-21 00:00:00,ALG,SF1311,15:10:00,15:00:00,0,0,TASSILI AIRLINES,35391,PAX,DH8D,29.257,7TVCN,3,CONTRAT,,,,,,,,,,,,,,,,,,,,,,,25000.0,0.0,0.0,0.0,0.0,25000.0,25000.0,
191,DEPARTED,DZD,TEE,2021-01-21,HME,SF1114,15:00:00,14:45:00,37,714,2021-01-21 00:00:00,ALG,SF1161,15:30:00,15:10:00,0,0,TASSILI AIRLINES,35392,PAX,B738,79.015,7TVCA,4,CONTRAT,,,,,,,,,,,,,,,,,,,,,,,80000.0,0.0,0.0,0.0,0.0,80000.0,80000.0,
192,DEPARTED,DZD,TEE,2021-01-28,ALG,SF1310,09:50:00,09:45:00,0,0,2021-01-28 00:00:00,IAM,SF1311,10:20:00,10:23:00,15,152,TASSILI AIRLINES,35393,PAX,DH8D,29.257,7TVCN,3,CONTRAT,,,,,,,,,,,,,,,,,,,,,,,25000.0,0.0,0.0,0.0,0.0,25000.0,25000.0,
193,DEPARTED,DZD,TEE,2021-01-28,ALG,SF1160,10:25:00,12:25:00,6,40,2021-01-28 00:00:00,HME,SF1115,12:00:00,13:30:00,43,374,TASSILI AIRLINES,35394,PAX,B738,79.015,7TVCA,4,CONTRAT,,,,,,,,,,,,,,,,,,,,,,,80000.0,0.0,0.0,0.0,0.0,80000.0,80000.0,
194,DEPARTED,DZD,TEE,2021-01-28,IAM,SF1311,14:40:00,14:35:00,48,550,2021-01-28 00:00:00,ALG,SF1311,15:10:00,15:10:00,0,0,TASSILI AIRLINES,35395,PAX,DH8D,29.257,7TVCN,3,CONTRAT,,,,,,,,,,,,,,,,,,,,,,,25000.0,0.0,0.0,0.0,0.0,25000.0,25000.0,
195,DEPARTED,DZD,TEE,2021-01-28,HME,SF1114,15:00:00,15:45:00,44,660,2021-01-28 00:00:00,ALG,SF1161,15:30:00,16:05:00,0,0,TASSILI AIRLINES,35396,PAX,B738,79.015,7TVCA,4,CONTRAT,,,,,,,,,,,,,,,,,,,,,,,80000.0,0.0,0.0,0.0,0.0,80000.0,80000.0,
196,DEPARTED,DZD,VVZ,2021-01-09,RNS,SF1436,10:30:00,11:10:00,10,0,2021-01-09 00:00:00,RNS,SF1437,11:05:00,11:45:00,7,0,TASSILI,7079,PAX,Q400,,7TVCL,2,CONTRAT,,,,,,,,,,,,,,,,,,,,,,,25000.0,0.0,0.0,0.0,0.0,25000.0,25000.0,
197,DEPARTED,DZD,VVZ,2021-01-23,RNS,SF1436,10:30:00,10:45:00,17,0,2021-01-23 00:00:00,RNS,SF1437,11:05:00,11:20:00,10,0,TASSILI,7080,PAX,Q400,,7TVCL,2,CONTRAT,,,,,,,,,,,,,,,,,,,,,,,25000.0,0.0,0.0,0.0,0.0,25000.0,25000.0,
198,DEPARTED,DZD,INZ,2021-01-01,ALG,SF1330,09:30:00,14:50:00,0,0,2021-01-01 00:00:00,IAM,SF1315,10:00:00,15:10:00,9,146,TAL,30597,PAX,Q400,,CM,00:40:00,,,,,,,,,,,,,,,,,,,,,,,,25000.0,0.0,0.0,0.0,0.0,25000.0,25000.0,
199,DEPARTED,DZD,INZ,2021-01-01,IAM,SF1314,14:00:00,18:25:00,15,330,2021-01-01 00:00:00,ALG,SF1331,14:30:00,19:10:00,19,222,TAL,30596,PAX,Q400,,CM,00:45:00,,,,,,,,,,,,,,,,,,,,,,,,25000.0,0.0,0.0,0.0,0.0,25000.0,25000.0,
200,DEPARTED,DZD,INZ,2021-01-08,ALG,SF1330,09:30:00,09:20:00,2,20,2021-01-08 00:00:00,IAM,SF1315,10:00:00,09:55:00,14,146,TAL,39505,PAX,Q400,,CN,00:35:00,,,,,,,,,,,,,,,,,,,,,,,,25000.0,0.0,0.0,0.0,0.0,25000.0,25000.0,
201,DEPARTED,DZD,INZ,2021-01-08,IAM,sf1314,14:00:00,13:40:00,16,200,2021-01-08 00:00:00,ALG,sf1331,14:30:00,14:10:00,7,53,TAL,30594,PAX,Q400,,CN,00:30:00,,,,,,,,,,,,,,,,,,,,,,,,25000.0,0.0,0.0,0.0,0.0,25000.0,25000.0,
202,DEPARTED,DZD,INZ,2021-01-15,ALG,SF1330,09:30:00,08:55:00,0,0,2021-01-15 00:00:00,IAM,SF1315,10:00:00,09:25:00,10,156,TAL,30592,PAX,Q400,,CM,00:30:00,,,,,,,,,,,,,,,,,,,,,,,,25000.0,0.0,0.0,0.0,0.0,25000.0,25000.0,
203,DEPARTED,DZD,INZ,2021-01-15,IAM,sf1314,14:00:00,13:05:00,11,290,2021-01-15 00:00:00,ALG,sf1331,14:30:00,13:55:00,8,56,TAL,30591,PAX,Q400,,CM,00:50:00,,,,,,,,,,,,,,,,,,,,,,,,25000.0,0.0,0.0,0.0,0.0,25000.0,25000.0,
204,DEPARTED,DZD,INZ,2021-01-22,ALG,SF1330,09:30:00,08:50:00,0,0,2021-01-22 00:00:00,IAM,SF1330,10:00:00,09:05:00,17,151,TAL,30590,PAX,Q400,,CL,00:15:00,,,,,,,,,,,,,,,,,,,,,,,,25000.0,0.0,0.0,0.0,0.0,25000.0,25000.0,
205,DEPARTED,DZD,INZ,2021-01-22,IAM,SF1331,14:00:00,12:10:00,19,350,2021-01-22 00:00:00,ALG,SF1331,14:30:00,12:50:00,27,289,TAL,30589,PAX,Q400,,CL,00:40:00,,,,,,,,,,,,,,,,,,,,,,,,25000.0,0.0,0.0,0.0,0.0,25000.0,25000.0,
206,DEPARTED,DZD,INZ,2021-01-29,ALG,SF1330,09:30:00,09:20:00,6,165,2021-01-29 00:00:00,IAM,SF1330,10:00:00,09:50:00,8,152,TAL,30599,PAX,Q400,,CM,00:30:00,,,,,,,,,,,,,,,,,,,,,,,,25000.0,0.0,0.0,0.0,0.0,25000.0,25000.0,
207,DEPARTED,DZD,INZ,2021-01-29,IAM,SF1331,13:00:00,13:30:00,22,150,2021-01-29 00:00:00,ALG,SF1331,13:30:00,14:00:00,15,137,TAL,30598,PAX,Q400,,CM,00:30:00,,,,,,,,,,,,,,,,,,,,,,,,25000.0,0.0,0.0,0.0,0.0,25000.0,25000.0,
208,DEPARTED,DZD,OGX,2021-01-05,IAM,BE1900,,,8,0,2021-01-05 00:00:00,IAM,BE1900,09:40:00,09:45:00,5,0,TASSILI AIRAINES,18588,PAX,BE190,7700,7T-VIQ,3,,,,,,,,,,,,,,,,,,,,,,,,18000.0,0.0,0.0,0.0,0.0,18000.0,18000.0,
209,DEPARTED,DZD,TGR,2021-01-05,ALG,1232,10h00,10h00,0,0,2021-01-05 00:00:00,TFT,1232,10h30,10h30,11,150,TAL,31133,AUTRE,DH8D,29257,7TVCM,P2,,,,,,,,,,,,,,,,,,,,,,,,25000.0,0.0,0.0,0.0,0.0,25000.0,25000.0,
210,DEPARTED,DZD,TGR,2021-01-05,RDN,1419,11H00,11H00,8,150,2021-01-05 00:00:00,RDN,1419,11h30,11h30,20,250,TAL,31134,AUTRE,DH8B,16466,7TVCR,P1,,,,,,,,,,,,,,,,,,,,,,,,25000.0,0.0,0.0,0.0,0.0,25000.0,25000.0,
211,DEPARTED,DZD,TGR,2021-01-05,HRM,1506,12H30,12H30,8,180,2021-01-05 00:00:00,HRM,1506,13H00,13H00,20,250,TAL,31135,AUTRE,DH8B,16466,7TVCS,P2,,,,,,,,,,,,,,,,,,,,,,,,25000.0,0.0,0.0,0.0,0.0,25000.0,25000.0,
212,DEPARTED,DZD,TGR,2021-01-05,HME,1233,13H00,13H00,4,40,2021-01-05 00:00:00,ALG,1233,13H30,13H30,0,0,TAL,31136,AUTRE,DH8D,29257,7TVCM,P1,,,,,,,,,,,,,,,,,,,,,,,,25000.0,0.0,0.0,0.0,0.0,25000.0,25000.0,
213,DEPARTED,DZD,TGR,2021-01-06,ALG,1306,10H00,10H00,5,60,2021-01-06 00:00:00,IAM,1306,10H30,10H30,27,300,TAL,31137,AUTRE,DH8D,29257,7TVCL,P1,,,,,,,,,,,,,,,,,,,,,,,,25000.0,0.0,0.0,0.0,0.0,25000.0,25000.0,
214,DEPARTED,DZD,TGR,2021-01-06,IAM,1307,13H00,13H00,37,400,2021-01-06 00:00:00,ALG,1307,13H30,13H30,0,0,TAL,31138,AUTRE,DH8D,29257,7TVCL,P1,,,,,,,,,,,,,,,,,,,,,,,,25000.0,0.0,0.0,0.0,0.0,25000.0,25000.0,
215,DEPARTED,DZD,TGR,2021-01-12,RDN,1418,11H30,11H30,12,220,2021-01-12 00:00:00,RDN,1418,12H30,12H30,13,180,TAL,31139,AUTRE,DH8B,16466,7TVCS,P2,,,,,,,,,,,,,,,,,,,,,,,,25000.0,0.0,0.0,0.0,0.0,25000.0,25000.0,
216,DEPARTED,DZD,TGR,2021-01-13,ALG,1306,10H00,10H00,0,0,2021-01-13 00:00:00,IAM,1306,10H30,10H30,45,380,TAL,31140,AUTRE,DH8D,29257,7TVCL,P2,,,,,,,,,,,,,,,,,,,,,,,,25000.0,0.0,0.0,0.0,0.0,25000.0,25000.0,
217,DEPARTED,DZD,TGR,2021-01-13,IAM,1307,12H30,12H30,47,680,2021-01-13 00:00:00,ALG,1307,13H00,13H00,0,0,TAL,31141,AUTRE,DH8D,29257,7TVCL,P1,,,,,,,,,,,,,,,,,,,,,,,,25000.0,0.0,0.0,0.0,0.0,25000.0,25000.0,
218,DEPARTED,DZD,TGR,2021-01-14,ALG,1500,10H30,12H15,0,0,2021-01-14 00:00:00,HRM,1500,11H00,12H45,13,15,TAL,31142,AUTRE,DH8B,16466,7TVCQ,P2,,,,,,,,,,,,,,,,,,,,,,,,25000.0,0.0,0.0,0.0,0.0,25000.0,25000.0,
219,DEPARTED,DZD,TGR,2021-01-14,HRM,1506,13H00,13H00,8,190,2021-01-14 00:00:00,ALG,1506,13H30,13H30,0,0,TAL,31143,AUTRE,DH8B,16466,7TVCQ,P1,,,,,,,,,,,,,,,,,,,,,,,,25000.0,0.0,0.0,0.0,0.0,25000.0,25000.0,
220,DEPARTED,DZD,TGR,2021-01-19,RDN,1408,11:00:00,11:00:00,11,240,2021-01-19 00:00:00,RDN,1419,12:00:00,12:00:00,13,110,TAL,31144,AUTRE,DH8B,16466,7TVCS,P1,,,,,,,,,,,,,,,,,,,,,,,,25000.0,0.0,0.0,0.0,0.0,25000.0,25000.0,
221,DEPARTED,DZD,TGR,2021-01-20,ALG,1306,08:00:00,08:00:00,0,0,2021-01-20 00:00:00,IAM,1306,08:30:00,08:30:00,46,550,TAL,31145,AUTRE,DH8D,29257,7TVCL,P1,,,,,,,,,,,,,,,,,,,,,,,,25000.0,0.0,0.0,0.0,0.0,25000.0,25000.0,
222,DEPARTED,DZD,TGR,2021-01-20,ALG,1232,10:00:00,10:00:00,0,0,2021-01-20 00:00:00,TFT,1332,10:30:00,10:30:00,11,100,TAL,31146,AUTRE,DH8D,29257,7TVCN,P2,,,,,,,,,,,,,,,,,,,,,,,,25000.0,0.0,0.0,0.0,0.0,25000.0,25000.0,
223,DEPARTED,DZD,TGR,2021-01-20,IAM,1307,13:00:00,13:00:00,45,550,2021-01-20 00:00:00,ALG,1307,13:30:00,13:30:00,0,0,TAL,31147,AUTRE,DH8D,29257,7TVCL,P1,,,,,,,,,,,,,,,,,,,,,,,,25000.0,0.0,0.0,0.0,0.0,25000.0,25000.0,
224,DEPARTED,DZD,TGR,2021-01-20,HME,1233,13:30:00,13:30:00,15,240,2021-01-20 00:00:00,ALG,1233,14:00:00,14:00:00,4,80,TAL,31148,AUTRE,DH8D,29257,7TVCN,P2,,,,,,,,,,,,,,,,,,,,,,,,25000.0,0.0,0.0,0.0,0.0,25000.0,25000.0,
225,DEPARTED,DZD,TGR,2021-01-23,ALG,1500,12:45:00,12:45:00,0,0,2021-01-23 00:00:00,HRM,1507,13:00:00,13:00:00,0,0,TAL,31149,AUTRE,DH8B,16466,7TVCR,P1,,,,,,,,,,,,,,,,,,,,,,,,25000.0,0.0,0.0,0.0,0.0,25000.0,25000.0,
226,DEPARTED,DZD,TGR,2021-01-23,HRM,1506,14:00:00,14:00:00,9,0,2021-01-23 00:00:00,ALG,1501,14:30:00,14:30:00,0,0,TAL,31150,AUTRE,DH8B,16466,7TVCR,P2,,,,,,,,,,,,,,,,,,,,,,,,25000.0,0.0,0.0,0.0,0.0,25000.0,25000.0,
227,DEPARTED,DZD,TGR,2021-01-26,RDN,1418,11:00:00,11:00:00,20,280,2021-01-26 00:00:00,RDN,1418,11:30:00,11:30:00,21,250,TAL,31151,AUTRE,DHB,16466,7TVCR,P2,,,,,,,,,,,,,,,,,,,,,,,,25000.0,0.0,0.0,0.0,0.0,25000.0,25000.0,
228,DEPARTED,DZD,TGR,2021-01-27,ALG,1306,08:20:00,08:20:00,0,0,2021-01-27 00:00:00,IAM,1306,08:50:00,08:50:00,41,450,TAL,31152,AUTRE,DH8D,29257,7TVCM,P1,,,,,,,,,,,,,,,,,,,,,,,,25000.0,0.0,0.0,0.0,0.0,25000.0,25000.0,
229,DEPARTED,DZD,TGR,2021-01-27,IAM,1307,13:00:00,13:00:00,44,570,2021-01-27 00:00:00,ALG,1307,13:30:00,13:30:00,3,0,TAL,31153,AUTRE,DH8D,29257,7TVCM,P1,,,,,,,,,,,,,,,,,,,,,,,,25000.0,0.0,0.0,0.0,0.0,25000.0,25000.0,
230,DEPARTED,USD,IAM,2021-02-06,EDD,ADN16C,13:25:00,13:50:00,0,0,2021-02-06 00:00:00,FKY,ADN16C,14:05:00,14:35:00,0,0,HADID,15269,TECH,D328,15,DBADC,,,,,,,,,,,,,,,,,,,,,,,,,500.0,125.0,0.0,0.0,0.0,625.0,625.0,
231,DEPARTED,USD,IAM,2021-02-07,FKY,ADN16C,13:45:00,14:47:00,0,0,2021-02-07 00:00:00,EDD,ADN16C,15:35:00,15:26:00,0,0,HADID,15270,TECH,D328,15,DBADC,,,,,,,,,,,,,,,,,,,,,,,,,500.0,75.0,0.0,0.0,0.0,575.0,575.0,
232,DEPARTED,USD,GHA,2021-01-30,DFF,ADB5564,09:30:00,09:50:00,0,0,2021-01-30 00:00:00,LGS,ADB5564,11:30:00,11:55:00,0,0,ALPHA,44523,TECH,AN124,394,UR82073,,,,,,80.0,,,,,,,,,,,,,,01:30:00,,,,,2200.0,550.0,0.0,0.0,600.0,3350.0,3350.0,
233,DEPARTED,USD,GHA,2021-02-03,OUA,ADB5566,11:00:00,11:00:00,0,0,2021-02-03 00:00:00,XMJ,ADB5566,13:00:00,14:58:00,0,0,ALPHA,44527,TECH,AN124,392,UR82073,,,,,,65.0,,,,,,,,,,,,,,03:58:00,,,,,2200.0,,0.0,0.0,1000.0,3200.0,3200.0,
234,DEPARTED,USD,GHA,2021-02-06,ISL,RDA5033,23:30:00,21:05:00,0,0,2021-02-06 00:00:00,ROB,RDA5033,01:30:00,22:40:00,0,0,ALPHA,44535,TECH,IL62,170,EW50JTR,,,,,,,,,,,,,,,,,,,,01:25:00,,,,,1700.0,425.0,0.0,0.0,400.0,2525.0,2525.0,
235,DEPARTED,USD,HME,2021-02-05,STN,ZT8881,23:05:00,23:05:00,15,0,2021-02-06 00:00:00,STN,ZT8881,00:05:00,00:05:00,18,356,ALPHA JET,1776,PAX,A320,64,GPOWK,,,,,,,,,,,,,,,,,,,,,,,,,2300.0,575.0,0.0,0.0,0.0,2875.0,2875.0,
236,DEPARTED,USD,ALG,2021-02-04,NIM,UN0850,18:10:00,19:30:00,4,0,2021-02-05 00:00:00,NIM,UN085,10:30:00,12:00:00,0,0,DELTA JET,31656,PAX,CR5200,24,CFWWU,,,,,,,,,,,,,,,,,,,,,,,,,900.0,585.0,225.0,0.0,0.0,1260.0,1260.0,
237,DEPARTED,USD,ALG,2021-02-04,VKO,UTA9031,13:15:00,13:21:00,155,0,2021-02-04 00:00:00,VKO,UTA9032,15:20:00,15:07:00,49,0,DELTA JET,31658,PAX,CR5200,179,VPBAL,S07,,,,,,,,,,,,,,,,,,,,,,,,4500.0,0.0,0.0,0.0,0.0,4500.0,4500.0,
